Configuration,Term,J,Level (cm-1),Uncertainty (cm-1),Lande,Leading percentages,Reference
"=""4f14.6s""","=""2S""","=""1/2""","="" 0.00""","=""""","=""1.998""","=""                                                                                    ""","=""L3974"""
"=""4f13.(2F*).6s2""","=""2F*""","=""7/2""","="" 21418.75""","=""""","=""1.145""","=""  98                :     1  (2F*<7/2>).5d2.(1S)            1[7/2]*                 ""","="""""
"=""4f13.(2F*).6s2""","=""2F*""","=""5/2""","="" 31568.08""","=""""","=""0.862""","=""  90                :     7  (2F*<7/2>)5d.6s.(3D)           3[7/2]*                 ""","="""""
"=""4f14.5d""","=""2D""","=""3/2""","="" 22960.80""","=""""","=""1.802""","=""                                                                                    ""","="""""
"=""4f14.5d""","=""2D""","=""5/2""","="" 24332.69""","=""""","=""1.202""","=""                                                                                    ""","="""""
"=""4f13.(2F*<7/2>).5d.6s.(3D)""","=""3[3/2]*""","=""5/2""","="" 26759.02""","=""""","=""1.570""","=""  95                :     2                                 (2F*<7/2>)(3D) 3[5/2]*  ""","="""""
"=""4f13.(2F*<7/2>).5d.6s.(3D)""","=""3[3/2]*""","=""3/2""","="" 28757.98""","=""""","=""1.440""","=""  62                :    27                                 (2F*<7/2>)(1D) 1[3/2]*  ""","="""""
"=""4f13.(2F*<7/2>).5d.6s.(3D)""","=""3[3/2]*""","=""1/2""","="" 33653.86""","=""""","=""1.320""","=""  77                :    13                                 (2F*<5/2>)(3D) 3[1/2]*  ""","="""""
"=""4f14.6p""","=""2P*""","=""1/2""","="" 27061.82""","=""""","=""0.667""","=""                                                                                    ""","="""""
"=""4f14.6p""","=""2P*""","=""3/2""","="" 30392.23""","=""""","=""1.333""","=""                                                                                    ""","="""""
"=""4f13.(2F*<7/2>).5d.6s.(3D)""","=""3[11/2]*""","=""9/2""","="" 30224.33""","=""""","=""0.935""","=""  96                :     2                                 (2F*<7/2>)(3D) 3[9/2]*  ""","="""""
"=""4f13.(2F*<7/2>).5d.6s.(3D)""","=""3[11/2]*""","=""11/2""","="" 30562.79""","=""""","=""1.112""","=""  92                :     4                                 (2F*<7/2>)(1D) 1[11/2]* ""","="""""
"=""4f13.(2F*<7/2>).5d.6s.(3D)""","=""3[11/2]*""","=""13/2""","="" 31631.59""","=""""","=""1.230""","="" 100                                                                                ""","="""""
"=""4f13.(2F*<7/2>).5d.6s.(3D)""","=""3[5/2]*""","=""7/2""","="" 31979.90""","=""""","=""1.331""","=""  69                :    28                                 (2F*<7/2>)(3D) 3[7/2]*  ""","="""""
"=""4f13.(2F*<7/2>).5d.6s.(3D)""","=""3[5/2]*""","=""5/2""","="" 32371.10""","=""""","=""1.170""","=""  66                :    24                                 (2F*<7/2>)(3D) 3[7/2]*  ""","="""""
"=""4f13.(2F*<7/2>).5d.6s.(3D)""","=""3[5/2]*""","=""3/2""","="" 32981.59""","=""""","=""0.866""","=""  85                :    10                                 (2F*<7/2>)(3D) 3[3/2]*  ""","="""""
"=""4f13.(2F*<7/2>).5d.6s.(3D)""","=""3[7/2]*""","=""9/2""","="" 33052.29""","=""""","=""1.264""","=""  71                :    23                                 (2F*<7/2>)(3D) 3[9/2]*  ""","="""""
"=""4f13.(2F*<7/2>).5d.6s.(3D)""","=""3[7/2]*""","=""5/2""","="" 34389.76""","=""""","=""1.007""","=""  51                :    29                                 (2F*<7/2>)(3D) 3[5/2]*  ""","="""""
"=""4f13.(2F*<7/2>).5d.6s.(3D)""","=""3[7/2]*""","=""7/2""","="" 35059.00""","=""""","=""1.124""","=""  56                :    26                                 (2F*<7/2>)(3D) 3[9/2]*  ""","="""""
"=""4f13.(2F*<7/2>).5d.6s.(3D)""","=""3[9/2]*""","=""7/2""","="" 33494.68""","=""""","=""0.991""","=""  65                :    15                                 (2F*<7/2>)(3D) 3[7/2]*  ""","="""""
"=""4f13.(2F*<7/2>).5d.6s.(3D)""","=""3[9/2]*""","=""9/2""","="" 35019.13""","=""""","=""1.158""","=""  67                :    27                                 (2F*<7/2>)(3D) 3[7/2]*  ""","="""""
"=""4f13.(2F*<7/2>).5d.6s.(3D)""","=""3[9/2]*""","=""11/2""","="" 35831.68""","=""""","=""1.214""","=""  77                :    20                                 (2F*<7/2>)(1D) 1[11/2]* ""","="""""
"=""4f13.(2F*<7/2>).5d.6s.(1D)""","=""1[3/2]*""","=""3/2""","="" 34575.37""","=""""","=""1.434""","=""  53                :    27                                 (2F*<5/2>)(3D) 3[1/2]*  ""","="""""
"=""4f13.(2F*<7/2>).5d.6s.(1D)""","=""1[11/2]*""","=""11/2""","="" 34784.95""","=""""","=""1.119""","=""  70                :    18                                 (2F*<7/2>)(3D) 3[9/2]*  ""","="""""
"=""4f13.(2F*<7/2>).5d.6s.(1D)""","=""1[5/2]*""","=""5/2""","="" 37077.59""","=""""","=""1.113""","=""  74                :    17                                 (2F*<7/2>)(3D) 3[7/2]*  ""","="""""
"=""4f13.(2F*<7/2>).5d.6s.(1D)""","=""1[7/2]*""","=""7/2""","="" 37516.59""","=""""","=""1.119""","=""  80                :     9  (2F*<7/2>).5d2.(1D)            1[7/2]*                 ""","="""""
"=""4f13.(2F*<7/2>).5d.6s.(1D)""","=""1[9/2]*""","=""9/2""","="" 38342.02""","=""""","=""1.093""","=""  81                :    11  (2F*<7/2>).5d2.(1D)            1[9/2]*                 ""","="""""
"=""4f13.(2F*<5/2>).5d.6s.(3D)""","=""3[1/2]*""","=""1/2""","="" 39378.89""","=""""","=""1.850""","=""  80                :    13                                 (2F*<5/2>)(1D) 1[1/2]*  ""","="""""
"=""4f13.(2F*<5/2>).5d.6s.(3D)""","=""3[9/2]*""","=""7/2""","="" 40035.82""","=""""","=""0.720""","=""  94                :     4                                 (2F*<7/2>)(3D) 3[9/2]*  ""","="""""
"=""4f13.(2F*<5/2>).5d.6s.(3D)""","=""3[9/2]*""","=""9/2""","="" 40917.91""","=""""","=""0.967""","=""  87                :     8                                 (2F*<5/2>)(1D) 1[9/2]*  ""","="""""
"=""4f13.(2F*<5/2>).5d.6s.(3D)""","=""3[9/2]*""","=""11/2""","="" 42915.13""","=""""","=""1.115""","=""  98                :     1                                 (2F*<7/2>)(3D) 3[9/2]*  ""","="""""
"=""4f13.(2F*<5/2>).5d.6s.(3D)""","=""3[3/2]*""","=""5/2""","="" 41678.73""","=""""","=""1.193""","=""  68                :    26                                 (2F*<5/2>)(3D) 3[5/2]*  ""","="""""
"=""4f13.(2F*<5/2>).5d.6s.(3D)""","=""3[3/2]*""","=""3/2""","="" 41688.45""","=""""","=""0.784""","=""  46                :    47                                 (2F*<5/2>)(3D) 3[5/2]*  ""","="""""
"=""4f13.(2F*<5/2>).5d.6s.(3D)""","=""3[3/2]*""","=""1/2""","="" 43007.79""","=""""","=""0.15""","=""  91                :     9                                 (2F*<5/2>)(1D) 1[1/2]*  ""","="""""
"=""4f13.(2F*<5/2>).5d.6s.(3D)""","=""3[5/2]*""","=""3/2""","="" 43075.09""","=""""","=""0.96""","=""  43                :    34                                 (2F*<5/2>)(3D) 3[3/2]*  ""","="""""
"=""4f13.(2F*<5/2>).5d.6s.(3D)""","=""3[5/2]*""","=""5/2""","="" 43956.41""","=""""","=""0.99""","=""  46                :    33                                 (2F*<5/2>)(3D) 3[7/2]*  ""","="""""
"=""4f13.(2F*<5/2>).5d.6s.(3D)""","=""3[5/2]*""","=""7/2""","="" 44438.03""","=""""","=""1.10""","=""  53                :    40                                 (2F*<5/2>)(3D) 3[7/2]*  ""","="""""
"=""4f13.(2F*<5/2>).5d.6s.(3D)""","=""3[7/2]*""","=""5/2""","="" 44497.51""","=""""","=""0.734""","=""  63                :    22                                 (2F*<5/2>)(3D) 3[5/2]*  ""","="""""
"=""4f13.(2F*<5/2>).5d.6s.(3D)""","=""3[7/2]*""","=""7/2""","="" 45429.82""","=""""","=""1.150""","=""  48                :    41                                 (2F*<5/2>)(3D) 3[5/2]*  ""","="""""
"=""4f13.(2F*<5/2>).5d.6s.(3D)""","=""3[7/2]*""","=""9/2""","="" 46169.78""","=""""","=""1.10""","=""  77                :    20                                 (2F*<5/2>)(1D) 1[9/2]*  ""","="""""
"=""4f13.(2F*<5/2>).5d.6s.(3D)""","=""*""","=""3/2""","="" 44940.61""","=""""","=""1.244""","=""  29  3[1/2]*       :    17  (2F*<7/2>).5d2.(3F)            3[3/2]*                 ""","="""""
"=""4f13.(2F*<7/2>).5d2.(3F)""","=""3[5/2]*""","=""5/2""","="" 45012.79""","=""""","=""1.281""","=""  48                :    34                                 (2F*<7/2>)(3F) 3[3/2]*  ""","="""""
"=""4f13.(2F*<7/2>).5d2.(3F)""","=""*""","=""7/2""","="" 45273.02""","=""""","=""1.18""","=""  34  3[7/2]*       :    34                                 (2F*<7/2>)(3F) 3[5/2]*  ""","="""""
"=""4f13.(2F*<5/2>).5d.6s.(1D)""","=""1[9/2]*""","=""9/2""","="" 45335.03""","=""""","=""1.01""","=""  65                :    20                                 (2F*<5/2>)(3D) 3[7/2]*  ""","="""""
"=""4f13.(2F*<7/2>).5d2.(3F)""","=""*""","=""3/2""","="" 45737.29""","=""""","=""1.333""","=""  34  3[3/2]*       :    22                                 (2F*<7/2>)(3F) 3[1/2]*  ""","="""""
"=""4f13.(2F*<7/2>).5d2.(3F)""","=""3[7/2]*""","=""9/2""","="" 46354.55""","=""""","=""1.29""","=""  54                :    28                                 (2F*<7/2>)(3P) 3[7/2]*  ""","="""""
"=""4f13.(2F*<7/2>).5d2.(3F)""","=""3[13/2]*""","=""11/2""","="" 46547.72""","=""""","=""0.97""","=""  82                :    14                                 (2F*<7/2>)(3F) 3[11/2]* ""","="""""
"=""4f13.(2F*<7/2>).5d2.(3F)""","=""3[13/2]*""","=""13/2""","="" 47680.40""","=""""","=""1.12""","=""  85                :    15                                 (2F*<7/2>)(3F) 3[11/2]* ""","="""""
"=""4f13.(2F*<7/2>).5d2.(3F)""","=""3[13/2]*""","=""15/2""","="" 48923.30""","=""""","=""1.20""","=""  96                :     4                                 (2F*<7/2>)(1G) 1[15/2]* ""","="""""
"=""4f13.(2F*<7/2>).5d2.(3F)""","=""3[3/2]*""","=""1/2""","="" 46902.71""","=""""","=""1.30""","=""  48                :    24                                 (2F*<7/2>)(3F) 3[1/2]*  ""","="""""
"=""4f13.(2F*<5/2>).5d.6s.(1D)""","=""1[3/2]*""","=""3/2""","="" 47005.46""","=""""","=""0.990""","=""  77                :     8                                 (2F*<5/2>)(3D) 3[1/2]*  ""","="""""
"=""4f13.(2F*<5/2>).5d.6s.(1D)""","=""1[1/2]*""","=""1/2""","="" 47228.96""","=""""","=""0.74""","=""  50                :    14                                 (2F*<7/2>)(3D) 3[3/2]*  ""","="""""
"=""4f13.(2F*<5/2>).5d.6s.(1D)""","=""1[5/2]*""","=""5/2""","="" 47329.44""","=""""","=""0.990""","=""  58                :    12  (2F*<7/2>).5d2.(3F)            3[3/2]*                 ""","="""""
"=""4f13.(2F*<7/2>).5d2.(3F)""","=""3[11/2]*""","=""9/2""","="" 47663.52""","=""""","=""0.98""","=""  62                :    19                                 (2F*<7/2>)(3F) 3[9/2]*  ""","="""""
"=""4f13.(2F*<7/2>).5d2.(3F)""","=""3[11/2]*""","=""11/2""","="" 48503.82""","=""""","=""1.10""","=""  54                :    28                                 (2F*<7/2>)(3F) 3[9/2]*  ""","="""""
"=""4f13.(2F*<7/2>).5d2.(3F)""","=""3[11/2]*""","=""13/2""","="" 49727.19""","=""""","=""1.20""","=""  84                :    15                                 (2F*<7/2>)(3F) 3[13/2]* ""","="""""
"=""4f13.(2F*<7/2>).5d2.(3F)""","=""*""","=""7/2""","="" 47758.54""","=""""","=""1.08""","=""  41  3[9/2]*       :    38                                 (2F*<7/2>)(3F) 3[5/2]*  ""","="""""
"=""4f13.(2F*<7/2>).6s.6p.(3P*<0>)""","=""(7/2,0)""","=""7/2""","="" 47912.31""","=""""","=""1.280""","=""  85                :    10                                 (2F*<7/2>)(3P*<1>)      ""","="""""
"=""4f13.(2F*<7/2>).5d2.(3F)""","=""3[1/2]*""","=""3/2""","="" 48024.70""","=""""","=""1.38""","=""  53                :    30                                 (2F*<7/2>)(3F) 3[5/2]*  ""","="""""
"=""4f13.(2F*<7/2>).5d2.(3F)""","=""3[1/2]*""","=""1/2""","="" 49419.13""","=""""","=""1.41""","=""  67                :    22                                 (2F*<7/2>)(3D) 3[3/2]*  ""","="""""
"=""4f13.(2F*<7/2>).5d2.(3F)""","=""*""","=""5/2""","="" 48272.77""","=""""","=""1.14""","=""  36  3[3/2]*       :    22  (2F*<5/2>).5d.6s.(1D)          1[5/2]*                 ""","="""""
"=""4f13.(2F*<5/2>).5d.6s.(1D)""","=""1[7/2]*""","=""7/2""","="" 48556.57""","=""""","=""0.941""","=""  81                :    11  (2F*<5/2>).5d2.(1D)            1[7/2]*                 ""","="""""
"=""4f13.(2F*<7/2>).6s.6p.(3P*<1>)""","=""(7/2,1)""","=""7/2""","="" 48900.41""","=""""","=""1.0""","=""  82                :    11                                 (2F*<7/2>)(3P*<0>)      ""","="""""
"=""4f13.(2F*<7/2>).6s.6p.(3P*<1>)""","=""(7/2,1)""","=""9/2""","="" 49301.16""","=""""","=""1.187""","=""  89                :     5                                 (2F*<7/2>)(1P*<1>)      ""","="""""
"=""4f13.(2F*<7/2>).6s.6p.(3P*<1>)""","=""(7/2,1)""","=""5/2""","="" 49498.04""","=""""","=""1.145""","=""  83                :     6                                 (2F*<7/2>)(1P*<1>)      ""","="""""
"=""4f13.(2F*<7/2>).5d2.(3F)""","=""3[9/2]*""","=""7/2""","="" 49008.93""","=""""","=""1.03""","=""  43                :    15                                 (2F*<7/2>)(3F) 3[5/2]*  ""","="""""
"=""4f13.(2F*<7/2>).5d2.(3F)""","=""3[9/2]*""","=""9/2""","="" 49916.50""","=""""","=""1.090""","=""  52                :    31                                 (2F*<7/2>)(3F) 3[11/2]* ""","="""""
"=""4f13.(2F*<7/2>).5d2.(3F)""","=""3[9/2]*""","=""11/2""","="" 50468.05""","=""""","=""1.213""","=""  49                :    28                                 (2F*<7/2>)(3F) 3[11/2]* ""","="""""
"=""4f13.(2F*<7/2>).5d2.(3F)""","=""*""","=""3/2""","="" 50832.65""","=""""","=""0.956""","=""  35  3[5/2]*       :    30                                 (2F*<7/2>)(3F) 3[3/2]*  ""","="""""
"=""4f13.(2F*<7/2>).5d2.(3F)""","=""*""","=""5/2""","="" 51248.86""","=""""","=""1.034""","=""  40  3[7/2]*       :    25                                 (2F*<7/2>)(3F) 3[5/2]*  ""","="""""
"=""4f13.(2F*<7/2>).5d2.(1G)""","=""1[1/2]*""","=""1/2""","="" 52067.87""","=""""","=""0.54""","=""  67                :    20                                 (2F*<7/2>)(3F) 3[3/2]*  ""","="""""
"=""4f13.(2F*<7/2>).6s.6p.(3P*<2>)""","=""(7/2,2)""","=""11/2""","="" 52517.35""","=""""","=""1.27""","=""  95                :     4  (2F*<7/2>).5d.6p.(3P*<2>)                              ""","="""""
"=""4f13.(2F*<7/2>).6s.6p.(3P*<2>)""","=""(7/2,2)""","=""3/2""","="" 52938.01""","=""""","=""0.877""","=""  95                :     4  (2F*<7/2>).5d.6p.(3P*<2>)                              ""","="""""
"=""4f13.(2F*<7/2>).6s.6p.(3P*<2>)""","=""(7/2,2)""","=""5/2""","="" 53404.96""","=""""","=""1.033""","=""  89                :     5  4f13.(2F*<7/2>).6s.6p.(3P*<1>)                         ""","="""""
"=""4f13.(2F*<7/2>).6s.6p.(3P*<2>)""","=""(7/2,2)""","=""7/2""","="" 53715.26""","=""""","=""1.181""","=""  93                :     4  (2F*<7/2>).5d.6p.(3P*<2>)                              ""","="""""
"=""4f13.(2F*<7/2>).6s.6p.(3P*<2>)""","=""(7/2,2)""","=""9/2""","="" 53720.71""","=""""","=""1.26""","=""  95                :     4  (2F*<7/2>).5d.6p.(3P*<2>)                              ""","="""""
"=""4f13.(2F*<7/2>).5d2.(3P)""","=""3[7/2]*""","=""9/2""","="" 52880.75""","=""""","=""1.26""","=""  45                :    35                                 (2F*<7/2>)(3F) 3[7/2]*  ""","="""""
"=""4f13.(2F*<7/2>).5d2.(3P)""","=""3[7/2]*""","=""7/2""","="" 52921.62""","=""""","=""1.15""","=""  51                :    36                                 (2F*<7/2>)(3F) 3[7/2]*  ""","="""""
"=""4f13.(2F*<7/2>).5d2.(3P)""","=""3[7/2]*""","=""5/2""","="" 53120.58""","=""""","=""0.944""","=""  67                :    10                                 (2F*<7/2>)(3F) 3[7/2]*  ""","="""""
"=""4f13.(2F*<7/2>).5d2.(1G)""","=""1[3/2]*""","=""3/2""","="" 52987.76""","=""""","=""1.131""","=""  61                :    12                                 (2F*<5/2>)(3F) 3[3/2]*  ""","="""""
"=""4f13.(2F*<7/2>).5d2.(1G)""","=""1[15/2]*""","=""15/2""","="" 53322.89""","=""""","=""1.04""","=""  96                :     4                                 (2F*<7/2>)(3F) 3[13/2]* ""","="""""
"=""4f13.(2F*<7/2>).5d2.(1D)""","=""1[7/2]*""","=""7/2""","="" 53644.89""","=""""","=""1.18""","=""  45                :    13                                 (2F*<5/2>)(3F) 3[5/2]*  ""","="""""
"=""4f13.(2F*<5/2>).5d2.(3F)""","=""*""","=""5/2""","="" 53716.38""","=""""","=""1.183""","=""  32  3[5/2]*       :    19                                 (2F*<7/2>)(1D) 1[5/2]*  ""","="""""
"=""4f13.(2F*<7/2>).5d2.(1D)""","=""1[11/2]*""","=""11/2""","="" 54192.51""","=""""","=""1.11""","=""  70                :     8                                 (2F*<7/2>)(3F) 3[9/2]*  ""","="""""
"=""4f14.7s""","=""2S""","=""1/2""","="" 54304.30""","=""""","=""2.001""","=""                                                                                    ""","="""""
"=""4f13.(2F*<7/2>).5d2.(1D)""","=""1[9/2]*""","=""9/2""","="" 54640.82""","=""""","=""1.13""","=""  60                :    10                                 (2F*<7/2>)(3P) 3[7/2]*  ""","="""""
"=""4f13.(2F*<7/2>).5d2.(1D)""","=""1[3/2]*""","=""3/2""","="" 55221.46""","=""""","=""1.11""","=""  56                :    22                                 (2F*<7/2>)(3P) 3[5/2]*  ""","="""""
"=""4f13.(2F*<7/2>).5d2.(3P)""","=""3[9/2]*""","=""7/2""","="" 55462.68""","=""""","=""0.878""","=""  62                :    22                                 (2F*<5/2>)(3F) 3[9/2]*  ""","="""""
"=""4f13.(2F*<7/2>).5d2.(3P)""","=""3[9/2]*""","=""9/2""","="" 56088.39""","=""""","=""1.11""","=""  63                :    10                                 (2F*<7/2>)(1G) 1[9/2]*  ""","="""""
"=""4f13.(2F*<7/2>).5d2.(3P)""","=""3[9/2]*""","=""11/2""","="" 56621.15""","=""""","=""1.16""","=""  64                :    14                                 (2F*<7/2>)(1G) 1[11/2]* ""","="""""
"=""4f13.(2F*<7/2>).5d.6p.(3F*<2>)""","=""(7/2,2)""","=""3/2""","="" 55702.07""","=""""","=""1.693""","=""  76                :     8                                 (2F*<7/2>)(3F*<3>)      ""","="""""
"=""4f13.(2F*<7/2>).5d.6p.(3F*<2>)""","=""(7/2,2)""","=""5/2""","="" 58823.58""","=""""","=""1.266""","=""  36                :    20  (2F*<7/2>).6s.6p.(1P*<1>)                              ""","="""""
"=""4f13.(2F*<7/2>).5d.6p.(3F*<2>)""","=""(7/2,2)""","=""11/2""","="" 58961.37""","=""""","=""0.974""","=""  74                :    21                                 (2F*<7/2>)(1D*<2>)      ""","="""""
"=""4f13.(2F*<7/2>).5d.6p.(3F*<2>)""","=""(7/2,2)""","=""7/2""","="" 61051.06""","=""""","=""1.18""","=""  64                :    18                                 (2F*<7/2>)(1D*<2>)      ""","="""""
"=""4f13.(2F*<7/2>).5d.6p.(3F*<2>)""","=""(7/2,2)""","=""9/2""","="" 61214.66""","=""""","=""1.07""","=""  54                :    30                                 (2F*<7/2>)(1D*<2>)      ""","="""""
"=""4f13.(2F*<7/2>).5d2.(3P)""","=""*""","=""5/2""","="" 56056.91""","=""""","=""1.12""","=""  32  3[5/2]*       :    32                                 (2F*<7/2>)(3F) 3[5/2]*  ""","="""""
"=""4f13.(2F*<7/2>).5d.6p.(1P*<1>)""","=""""","=""5/2""","="" 56375.91""","=""""","=""1.226""","=""  24  (7/2,1)       :    22  (2F*<7/2>).6s.6p.(1P*<1>)                              ""","="""""
"=""4f13.(2F*<5/2>).5d2.(3F)""","=""3[11/2]*""","=""9/2""","="" 56480.77""","=""""","=""0.76""","=""  94                :     3                                 (2F*<7/2>)(3P) 3[9/2]*  ""","="""""
"=""4f13.(2F*<5/2>).5d2.(3F)""","=""3[11/2]*""","=""11/2""","="" 58051.51""","=""""","=""0.95""","=""  99                                                                                ""","="""""
"=""4f13.(2F*<5/2>).5d2.(3F)""","=""3[11/2]*""","=""13/2""","="" 59632.21?""","=""""","=""""","=""  93                                                                                ""","="""""
"=""4f13.(2F*<7/2>).5d2.(3P)""","=""3[5/2]*""","=""7/2""","="" 56500.64""","=""""","=""1.352""","=""  77                :     8                                 (2F*<7/2>)(3P) 3[7/2]*  ""","="""""
"=""4f13.(2F*<7/2>).5d2.(3P)""","=""3[5/2]*""","=""5/2""","="" 57798.51""","=""""","=""1.151""","=""  50                :    22                                 (2F*<7/2>)(1D) 1[5/2]*  ""","="""""
"=""4f13.(2F*<7/2>).5d2.(3P)""","=""3[5/2]*""","=""3/2""","="" 58162.75""","=""""","=""0.94""","=""  60                :    18                                 (2F*<7/2>)(1D) 1[3/2]*  ""","="""""
"=""4f13.(2F*<5/2>).5d2.(3F)""","=""*""","=""3/2""","="" 56840.04""","=""""","=""0.90""","=""  40  3[5/2]*       :    19                                 (2F*<5/2>)(3F) 3[3/2]*  ""","="""""
"=""4f13.(2F*<5/2>).5d2.(3F)""","=""3[1/2]*""","=""1/2""","="" 56977.71""","=""""","=""2.19""","=""  90                :     8                                 (2F*<5/2>)(3F) 3[3/2]*  ""","="""""
"=""4f13.(2F*<5/2>).5d2.(3F)""","=""3[1/2]*""","=""3/2""","="" 59777.07""","=""""","=""1.63""","=""  71                :    21                                 (2F*<5/2>)(3F) 3[3/2]*  ""","="""""
"=""4f13.(2F*<7/2>).5d2.(1G)""","=""1[7/2]*""","=""7/2""","="" 57103.02""","=""""","=""1.10""","=""  82                :    11                                 (2F*<7/2>)(1D) 1[7/2]*  ""","="""""
"=""4f13.(2F*<5/2>).5d2.(3F)""","=""3[9/2]*""","=""7/2""","="" 57534.45""","=""""","=""0.87""","=""  54                :    16                                 (2F*<5/2>)(3F) 3[7/2]*  ""","="""""
"=""4f13.(2F*<5/2>).5d2.(3F)""","=""3[9/2]*""","=""9/2""","="" 59046.89""","=""""","=""1.08""","=""  57                :    24                                 (2F*<5/2>)(3F) 3[7/2]*  ""","="""""
"=""4f13.(2F*<5/2>).5d2.(3F)""","=""3[9/2]*""","=""11/2""","="" 61442.82""","=""""","=""1.11""","=""  91                :     4                                 (2F*<7/2>)(1G) 1[11/2]* ""","="""""
"=""4f13.(2F*<7/2>).5d2.(1G)""","=""1[13/2]*""","=""13/2""","="" 57561.62""","=""""","=""1.04""","=""  94                :     5                                 (2F*<5/2>)(1G) 1[13/2]* ""","="""""
"=""4f13.(2F*<7/2>).6s.6p.(1P*<1>)""","=""(7/2,1)""","=""9/2""","="" 57765.32""","=""""","=""1.12""","=""  45                :    36  (2F*<7/2>).5d.6p.(1P*<1>)                              ""","="""""
"=""4f13.(2F*<5/2>).6s.6p.(3P*<0>)""","=""(5/2,0)""","=""5/2""","="" 58283.91""","=""""","=""0.77""","=""  87                :     5                                 (2F*<5/2>)(3P*<1>)      ""","="""""
"=""4f13.(2F*<7/2>).5d2.(1G)""","=""1[9/2]*""","=""9/2""","="" 58484.54""","=""""","=""1.02""","=""  75                :    11                                 (2F*<5/2>)(3F) 3[9/2]*  ""","="""""
"=""4f13.(2F*<5/2>).5d2.(3F)""","=""3[7/2]*""","=""5/2""","="" 58661.13""","=""""","=""0.86""","=""  59                :    14                                 (2F*<5/2>)(3F) 3[5/2]*  ""","="""""
"=""4f13.(2F*<5/2>).5d2.(3F)""","=""3[7/2]*""","=""7/2""","="" 59624.66""","=""""","=""""","=""  60                :    19                                 (2F*<5/2>)(3F) 3[9/2]*  ""","="""""
"=""4f13.(2F*<5/2>).5d2.(3F)""","=""3[7/2]*""","=""9/2""","="" 60649.86""","=""""","=""1.10""","=""  57                :    20                                 (2F*<5/2>)(3F) 3[9/2]*  ""","="""""
"=""4f13.(2F*<5/2>).5d2.(3F)""","=""3[3/2]*""","=""1/2""","="" 58672.53""","=""""","=""0.538""","=""  69                :    15                                 (2F*<7/2>)(1G) 1[1/2]*  ""","="""""
"=""4f13.(2F*<7/2>).6s.6p.(1P*<1>)""","=""""","=""7/2""","="" 59090.13""","=""""","=""1.122""","=""  36  (7/2,1)       :    25  (2F*<7/2>).5d.6p.(1P*<1>)                              ""","="""""
"=""4f13.(2F*<5/2>).6s.6p.(3P*<1>)""","=""(5/2,1)""","=""5/2""","="" 59259.24""","=""""","=""1.105""","=""  78                :     6                                 (2F*<5/2>)(3P*<0>)      ""","="""""
"=""4f13.(2F*<5/2>).6s.6p.(3P*<1>)""","=""(5/2,1)""","=""7/2""","="" 59618.90""","=""""","=""1.00""","=""  65                :    15                                 (2F*<7/2>)(3P*<1>)      ""","="""""
"=""4f13.(2F*<5/2>).6s.6p.(3P*<1>)""","=""(5/2,1)""","=""3/2""","="" 59710.65""","=""""","=""0.82""","=""  82                :     5                                 (2F*<5/2>)(1P*<1>)      ""","="""""
"=""4f13.(2F*<5/2>).5d2.(3F)""","=""*""","=""5/2""","="" 59439.08""","=""""","=""0.994""","=""  33  3[3/2]*       :    29                                 (2F*<5/2>)(3F) 3[5/2]*  ""","="""""
"=""4f13.(2F*<7/2>).5d2.(1G)""","=""1[11/2]*""","=""11/2""","="" 59753.84""","=""""","=""1.11""","=""  73                :    14                                 (2F*<7/2>)(1D) 1[11/2]* ""","="""""
"=""4f13.(2F*<7/2>).5d.6p.(3F*<3>)""","=""(7/2,3)""","=""3/2""","="" 60586.46""","=""""","=""1.323""","=""  45                :    33                                 (2F*<7/2>)(1D*<2>)      ""","="""""
"=""4f13.(2F*<7/2>).5d.6p.(3F*<3>)""","=""(7/2,3)""","=""1/2""","="" 61120.49""","=""""","=""1.661""","=""  75                :     6                                 (2F*<5/2>)(3F*<2>)      ""","="""""
"=""4f13.(2F*<7/2>).5d.6p.(3F*<3>)""","=""(7/2,3)""","=""13/2""","="" 61873.40""","=""""","=""1.10""","=""  91                :     6                                 (2F*<7/2>)(3D*<3>)      ""","="""""
"=""4f13.(2F*<7/2>).5d.6p.(3F*<3>)""","=""(7/2,3)""","=""5/2""","="" 64055.82""","=""""","=""1.108""","=""  35                :    25                                 (2F*<7/2>)(3D*<1>)      ""","="""""
"=""4f13.(2F*<7/2>).5d.6p.(3F*<3>)""","=""(7/2,3)""","=""9/2""","="" 64923.11""","=""""","=""1.10""","=""  83                :     6                                 (2F*<7/2>)(3P*<1>)      ""","="""""
"=""4f13.(2F*<7/2>).5d.6p.(3F*<3>)""","=""(7/2,3)""","=""7/2""","="" 65093.14""","=""""","=""0.973""","=""  37                :    20                                 (2F*<7/2>)(3D*<2>)      ""","="""""
"=""4f13.(2F*<7/2>).5d.6p.(3F*<3>)""","=""(7/2,3)""","=""11/2""","="" 66082.25""","=""""","=""1.141""","=""  55                :    36                                 (2F*<7/2>)(3D*<2>)      ""","="""""
"=""4f13.(2F*<5/2>).5d2.(3F)""","=""*""","=""3/2""","="" 60910.14""","=""""","=""1.00""","=""  36  3[3/2]*       :    20                                 (2F*<5/2>)(3F) 3[1/2]*  ""","="""""
"=""4f13.(2F*<7/2>).5d.6p.(1D*<2>)""","=""""","=""5/2""","="" 61374.49""","=""""","=""1.299""","=""  32  (7/2,2)       :    21                                 (2F*<7/2>)(3F*<2>)      ""","="""""
"=""4f13.(2F*<7/2>).5d.6p.(3D*<2>)""","=""""","=""7/2""","="" 61822.58""","=""""","=""1.327""","=""  23  (7/2,2)       :    13                                 (2F*<7/2>)(3D*<2>)      ""","="""""
"=""4f13.(2F*<5/2>).5d2.(3F)""","=""3[5/2]*""","=""7/2""","="" 62046.07""","=""""","=""1.14""","=""  67                :    11                                 (2F*<5/2>)(1D) 1[7/2]*  ""","="""""
"=""4f13.(2F*<5/2>).6s.6p.(3P*<2>)""","=""(5/2,2)""","=""1/2""","="" 62136.94""","=""""","=""0.08""","=""  90                :     4  (2F*<5/2>).5d.6p.(3P*<2>)                              ""","="""""
"=""4f13.(2F*<5/2>).6s.6p.(3P*<2>)""","=""(5/2,2)""","=""3/2""","="" 63011.85""","=""""","=""0.79""","=""  77                :     5  (2F*<5/2>).5d.6p.(3P*<2>)                              ""","="""""
"=""4f13.(2F*<5/2>).6s.6p.(3P*<2>)""","=""(5/2,2)""","=""9/2""","="" 63163.79""","=""""","=""1.12""","=""  91                :     4  (2F*<5/2>).5d.6p.(3P*<2>)                              ""","="""""
"=""4f13.(2F*<5/2>).6s.6p.(3P*<2>)""","=""(5/2,2)""","=""5/2""","="" 63702.32""","=""""","=""1.07""","=""  84                :     4  (2F*<5/2>).5d.6p.(3F*<3>)                              ""","="""""
"=""4f13.(2F*<5/2>).6s.6p.(3P*<2>)""","=""(5/2,2)""","=""7/2""","="" 63957.80""","=""""","=""1.148""","=""  90                :     4  (2F*<5/2>).5d.6p.(3P*<2>)                              ""","="""""
"=""4f13.(2F*<5/2>).5d2.(3F)""","=""*""","=""5/2""","="" 62163.92""","=""""","=""""","=""  33  3[3/2]*       :    32                                 (2F*<5/2>)(3F) 3[5/2]*  ""","="""""
"=""4f14.6d""","=""2D""","=""3/2""","="" 62174.10""","=""""","=""0.80""","=""                                                                                    ""","="""""
"=""4f14.6d""","=""2D""","=""5/2""","="" 62559.02""","=""""","=""1.22""","=""                                                                                    ""","="""""
"=""4f13.(2F*<7/2>).5d.6p.(1D*<2>)""","=""""","=""11/2""","="" 62861.27""","=""""","=""1.140""","=""  44  (7/2,2)       :    18                                 (2F*<7/2>)(3P*<2>)      ""","="""""
"=""4f13.(2F*<5/2>).5d2.(3P)""","=""3[5/2]*""","=""3/2""","="" 63028.26""","=""""","=""0.51""","=""  66                :    22                                 (2F*<5/2>)(3F) 3[5/2]*  ""","="""""
"=""4f13.(2F*<5/2>).5d2.(3P)""","=""3[5/2]*""","=""5/2""","="" 63417.03""","=""""","=""1.01""","=""  75                :     4                                 (2F*<5/2>)(1G) 1[5/2]*  ""","="""""
"=""4f13.(2F*<5/2>).5d2.(3P)""","=""3[5/2]*""","=""7/2""","="" 64169.39""","=""""","=""""","=""  51                :    17                                 (2F*<5/2>)(1D) 1[7/2]*  ""","="""""
"=""4f13.(2F*<7/2>).5d.6p.(3D*<1>)""","=""(7/2,1)""","=""5/2""","="" 63234.11""","=""""","=""1.208""","=""  31                :    24                                 (2F*<7/2>)(3F*<2>)      ""","="""""
"=""4f13.(2F*<7/2>).5d.6p.(3D*<1>)""","=""(7/2,1)""","=""9/2""","="" 63726.83""","=""""","=""1.005""","=""  68                :    14                                 (2F*<7/2>)(1D*<2>)      ""","="""""
"=""4f13.(2F*<7/2>).5d.6p.(3D*<1>)""","=""(7/2,1)""","=""7/2""","="" 64598.28""","=""""","=""1.223""","=""  44                :    19                                 (2F*<7/2>)(3F*<3>)      ""","="""""
"=""4f13.(2F*<7/2>).5d.6p.(1D*<2>)""","=""""","=""3/2""","="" 63647.73""","=""""","=""1.149""","=""  29  (7/2,2)       :    15                                 (2F*<7/2>)(3F*<2>)      ""","="""""
"=""4f14.7p""","=""2P*""","=""1/2""","="" 63706.25""","=""""","=""0.661""","=""                                                                                    ""","="""""
"=""4f14.7p""","=""2P*""","=""3/2""","="" 65594.10""","=""""","=""""","=""                                                                                    ""","="""""
"=""4f13.(2F*<7/2>).5d.6p.(3D*<2>)""","=""(7/2,2)""","=""11/2""","="" 63944.18""","=""""","=""1.115""","=""  33                :    33                                 (2F*<7/2>)(3F*<3>)      ""","="""""
"=""4f13.(2F*<7/2>).5d.6p.(3D*<2>)""","=""(7/2,2)""","=""3/2""","="" 64461.08""","=""""","=""1.176""","=""  51                :    10                                 (2F*<7/2>)(3F*<3>)      ""","="""""
"=""4f13.(2F*<7/2>).5d.6p.(3D*<2>)""","=""(7/2,2)""","=""9/2""","="" 65950.95""","=""""","=""1.09""","=""  65                :    14                                 (2F*<7/2>)(1D*<2>)      ""","="""""
"=""4f13.(2F*<7/2>).5d.6p.(3D*<2>)""","=""(7/2,2)""","=""5/2""","="" 66351.21""","=""""","=""1.125""","=""  72                :     7                                 (2F*<7/2>)(3F*<3>)      ""","="""""
"=""4f13.(2F*<7/2>).5d.6p.(3D*<2>)""","=""(7/2,2)""","=""7/2""","="" 66558.00""","=""""","=""1.100""","=""  30                :    24                                 (2F*<7/2>)(3D*<3>)      ""","="""""
"=""4f13.(2F*<5/2>).5d2.(1G)""","=""1[3/2]*""","=""3/2""","="" 64191.97""","=""""","=""1.193""","=""  80                :     5                                 (2F*<5/2>)(3F) 3[5/2]*  ""","="""""
"=""4f13.(2F*<5/2>).5d2.(1D)""","=""1[9/2]*""","=""9/2""","="" 64365.00""","=""""","=""""","=""  68                :    10                                 (2F*<5/2>)(1G) 1[9/2]*  ""","="""""
"=""4f13.(2F*<7/2>).5d.6p.(3F*<4>)""","=""(7/2,4)""","=""15/2""","="" 64891.30""","=""""","=""1.19""","="" 100                                                                                ""","="""""
"=""4f13.(2F*<7/2>).5d.6p.(3F*<4>)""","=""(7/2,4)""","=""3/2""","="" 65888.46""","=""""","=""1.206""","=""  45                :     9                                 (2F*<7/2>)(1D*<2>)      ""","="""""
"=""4f13.(2F*<7/2>).5d.6p.(3F*<4>)""","=""(7/2,4)""","=""5/2""","="" 66395.72""","=""""","=""1.235""","=""  39                :    20                                 (2F*<7/2>)(1D*<2>)      ""","="""""
"=""4f13.(2F*<7/2>).5d.6p.(3F*<4>)""","=""(7/2,4)""","=""1/2""","="" 66462.86""","=""""","=""1.11""","=""  68                :    12                                 (2F*<5/2>)(3F*<3>)      ""","="""""
"=""4f13.(2F*<7/2>).5d.6p.(3F*<4>)""","=""(7/2,4)""","=""11/2""","="" 68148.88""","=""""","=""1.20""","=""  59                :    25                                 (2F*<7/2>)(3D*<3>)      ""","="""""
"=""4f13.(2F*<7/2>).5d.6p.(3F*<4>)""","=""(7/2,4)""","=""7/2""","="" 68450.11""","=""""","=""1.08""","=""  48                :    24                                 (2F*<7/2>)(3P*<1>)      ""","="""""
"=""4f13.(2F*<7/2>).5d.6p.(3F*<4>)""","=""(7/2,4)""","=""9/2""","="" 68549.23""","=""""","=""1.157""","=""  56                :    13                                 (2F*<5/2>)(3F*<2>)      ""","="""""
"=""4f13.(2F*<7/2>).5d.6p.(3F*<4>)""","=""(7/2,4)""","=""13/2""","="" 68720.44""","=""""","=""1.157""","=""  55                :    40                                 (2F*<7/2>)(1F*<3>)      ""","="""""
"=""4f13.(2F*<5/2>).5d2.(1D)""","=""*""","=""7/2""","="" 64970.74""","=""""","=""""","=""  40  1[7/2]*       :    28                                 (2F*<5/2>)(3P) 3[5/2]*  ""","="""""
"=""4f13.(2F*<5/2>).5d2.(1D)""","=""1[1/2]*""","=""1/2""","="" 65149.31""","=""""","=""""","=""  64                :    30                                 (2F*<5/2>)(3P) 3[3/2]*  ""","="""""
"=""4f13.(2F*<7/2>).5d.6p.(3F*<2>)""","=""""","=""9/2""","="" 65199.54""","=""""","=""1.08""","=""  34  (7/2,2)       :    26                                 (2F*<7/2>)(1D*<2>)      ""","="""""
"=""4f13.(2F*<7/2>).5d.6p.(1F*<3>)""","=""(7/2,3)""","=""1/2""","="" 65566.72""","=""""","=""1.43""","=""  54                :    19                                 (2F*<5/2>)(3F*<2>)      ""","="""""
"=""4f13.(2F*<7/2>).5d.6p.(1F*<3>)""","=""(7/2,3)""","=""3/2""","="" 69443.52""","=""""","=""1.15""","=""  27                :    18                                 (2F*<7/2>)(3D*<3>)      ""","="""""
"=""4f13.(2F*<7/2>).5d.6p.(1F*<3>)""","=""(7/2,3)""","=""13/2""","="" 70136.24""","=""""","=""1.12""","=""  46                :    27                                 (2F*<7/2>)(3F*<4>)      ""","="""""
"=""4f13.(2F*<7/2>).5d.6p.(1F*<3>)""","=""(7/2,3)""","=""5/2""","="" 71468.70""","=""""","=""1.02""","=""  33                :    19                                 (2F*<5/2>)(3F*<2>)      ""","="""""
"=""4f13.(2F*<7/2>).5d.6p.(1F*<3>)""","=""(7/2,3)""","=""7/2""","="" 72779.99""","=""""","=""1.10""","=""  67                :    11                                 (2F*<7/2>)(3F*<3>)      ""","="""""
"=""4f13.(2F*<7/2>).5d.6p.(1F*<3>)""","=""(7/2,3)""","=""9/2""","="" 73283.35""","=""""","=""1.04""","=""  49                :    24                                 (2F*<5/2>)(1D*<2>)      ""","="""""
"=""4f13.(2F*<7/2>).5d.6p.(1F*<3>)""","=""(7/2,3)""","=""11/2""","="" 73291.95""","=""""","=""1.09""","=""  75                :     9                                 (2F*<7/2>)(3D*<3>)      ""","="""""
"=""4f13.(2F*<7/2>).5d.6p.(1D*<2>)""","=""""","=""7/2""","="" 65577.11""","=""""","=""1.055""","=""  38  (7/2,2)       :    18                                 (2F*<7/2>)(3F*<2>)      ""","="""""
"=""4f13.(2F*<5/2>).5d2.(1G)""","=""1[5/2]*""","=""5/2""","="" 65739.47""","=""""","=""0.879""","=""  31                :    23                                 (2F*<5/2>)(3P) 3[7/2]*  ""","="""""
"=""4f13.(2F*<7/2>).5d.6p.(3D*<3>)""","=""(7/2,3)""","=""13/2""","="" 65875.77""","=""""","=""1.205""","=""  68                :    15                                 (2F*<7/2>)(3F*<4>)      ""","="""""
"=""4f13.(2F*<7/2>).5d.6p.(3D*<3>)""","=""(7/2,3)""","=""11/2""","="" 66571.58""","=""""","=""1.189""","=""  55                :    19                                 (2F*<7/2>)(3p*<2>)      ""","="""""
"=""4f13.(2F*<7/2>).5d.6p.(3D*<3>)""","=""(7/2,3)""","=""3/2""","="" 67204.97""","=""""","=""1.04""","=""  29                :    25                                 (2F*<7/2>)(1F*<3>)      ""","="""""
"=""4f13.(2F*<7/2>).5d.6p.(3D*<3>)""","=""(7/2,3)""","=""9/2""","="" 67416.03""","=""""","=""1.26""","=""  52                :    21                                 (2F*<7/2>)(3P*<1>)      ""","="""""
"=""4f13.(2F*<7/2>).5d.6p.(3D*<3>)""","=""(7/2,3)""","=""1/2""","="" 67955.23""","=""""","=""0.895""","=""  68                :    14                                 (2F*<7/2>)(1F*<3>)      ""","="""""
"=""4f13.(2F*<5/2>).5d2.(1D)""","=""1[3/2]*""","=""3/2""","="" 66189.00""","=""""","=""0.91""","=""  67                :    22                                 (2F*<5/2>)(3P) 3[3/2]*  ""","="""""
"=""4f13.(2F*<5/2>).5d2.(1G)""","=""*""","=""5/2""","="" 66205.87""","=""""","=""""","=""  32  1[5/2]*       :    19                                 (2F*<5/2>)(1D) 1[5/2]*  ""","="""""
"=""4f13.(2F*<5/2>).5d2.(3P)""","=""3[7/2]*""","=""7/2""","="" 66796.03""","=""""","=""""","=""  81                :    10                                 (2F*<5/2>)(3F) 3[7/2]*  ""","="""""
"=""4f13.(2F*<5/2>).5d2.(3P)""","=""3[3/2]*""","=""1/2""","="" ""","=""""","=""""","=""  70                :    28                                 (2F*<5/2>)(1D) 1[1/2]*  ""","="""""
"=""4f13.(2F*<5/2>).5d2.(3P)""","=""3[3/2]*""","=""3/2""","="" 67789.60?""","=""""","=""""","=""  73                                                                                ""","="""""
"=""4f13.(2F*<5/2>).5d2.(3P)""","=""3[3/2]*""","=""5/2""","="" 67933.51""","=""""","=""1.17""","=""  72                :    22                                 (2F*<5/2>)(1G) 1[5/2]*  ""","="""""
"=""4f13.(2F*<5/2>).6s.6p.(1P*<1>)""","=""""","=""7/2""","="" 67938.68""","=""""","=""0.960""","=""  30  (5/2,1)       :    24  (2F*<5/2>)5d.6p.(1P*<1>)                               ""","="""""
"=""4f13.(2F*<7/2>).5d.6p.(3F*<4>)""","=""""","=""5/2""","="" 68135.00""","=""""","=""1.087""","=""  38  (7/2,4)       :    24                                 (2F*<7/2>)(3D*<3>)      ""","="""""
"=""4f13.(2F*<5/2>).6s.6p.(1P*<1>)""","=""""","=""3/2""","="" 68150.57""","=""""","=""0.928""","=""  32  (5/2,1)       :    20  (2F*<5/2>)5d.6p.(1P*<1>)                               ""","="""""
"=""4f13.(2F*<7/2>).5d.6p.(3P*<0>)""","=""""","=""7/2""","="" 68756.04""","=""""","=""1.32""","=""  35  (7/2,0)       :    29                                 (2F*<7/2>)(3D*<3>)      ""","="""""
"=""4f13.(2F*<5/2>).5d.6p.(3F*<2>)""","=""(5/2,2)""","=""9/2""","="" 68943.65""","=""""","=""0.89""","=""  53                :    18                                 (2F*<7/2>)(3F*<4>)      ""","="""""
"=""4f13.(2F*<5/2>).5d.6p.(3F*<2>)""","=""(5/2,2)""","=""5/2""","="" 71270.01""","=""""","=""0.91""","=""  33                :    18                                 (2F*<7/2>)(3P*<2>)      ""","="""""
"=""4f13.(2F*<5/2>).5d.6p.(3F*<2>)""","=""(5/2,2)""","=""7/2""","="" 72202.03""","=""""","=""0.86""","=""  43                :    29                                 (2F*<5/2>)(1D*<2>)      ""","="""""
"=""4f13.(2F*<5/2>).5d.6p.(3F*<2>)""","=""(5/2,2)""","=""3/2""","="" 73116.71""","=""""","=""0.863""","=""  34                :    23                                 (2F*<5/2>)(3F*<3>)      ""","="""""
"=""4f13.(2F*<5/2>).5d.6p.(3F*<2>)""","=""(5/2,2)""","=""1/2""","="" 75905.77""","=""""","=""1.28""","=""  40                :    20                                 (2F*<7/2>)(1F*<3>)      ""","="""""
"=""4f13.(2F*<5/2>).6s.6p.(1P*<1>)""","=""""","=""5/2""","="" 69079.88""","=""""","=""0.89""","=""  30  (5/2,1)       :    21  (2F*<5/2>)5d.6p.(1P*<1>)                               ""","="""""
"=""4f13.(2F*<7/2>).5d.6p.(3P*<0>)""","=""""","=""7/2""","="" 69395.20""","=""""","=""0.94""","=""  25  (7/2,0)       :    21                                 (2F*<7/2>)(3P*<1>)      ""","="""""
"=""4f13.(2F*<7/2>).5d.6p.(3P*<1>)""","=""""","=""5/2""","="" 69607.54""","=""""","=""1.210""","=""  24  (7/2,1)       :    18                                 (2F*<7/2>)(3P*<2>)      ""","="""""
"=""4f13.(2F*<7/2>).5d.6p.(3P*<1>)""","=""""","=""9/2""","="" 69957.49""","=""""","=""1.112""","=""  34  (7/2,1)       :    18                                 (2F*<7/2>)(3D*<3>)      ""","="""""
"=""4f13.(2F*<5/2>).5d.6p.(3F*<3>)""","=""(5/2,3)""","=""1/2""","="" 70029.04""","=""""","=""0.68""","=""  28                :    19                                 (2F*<5/2>)(1D*<2>)      ""","="""""
"=""4f13.(2F*<5/2>).5d.6p.(3F*<3>)""","=""(5/2,3)""","=""11/2""","="" 72615.74""","=""""","=""0.99""","=""  85                :     4                                 (2F*<7/2>)(1F*<3>)      ""","="""""
"=""4f13.(2F*<5/2>).5d.6p.(3F*<3>)""","=""(5/2,3)""","=""3/2""","="" 73657.29""","=""""","=""1.04""","=""  32                :    25                                 (2F*<5/2>)(3F*<4>)      ""","="""""
"=""4f13.(2F*<5/2>).5d.6p.(3F*<3>)""","=""(5/2,3)""","=""5/2""","="" 74270.48""","=""""","=""0.92""","=""  72                :     7                                 (2F*<5/2>)(3D*<3>)      ""","="""""
"=""4f13.(2F*<5/2>).5d.6p.(3F*<3>)""","=""(5/2,3)""","=""7/2""","="" 75640.06""","=""""","=""0.81""","=""  51                :    19                                 (2F*<5/2>)(3F*<2>)      ""","="""""
"=""4f13.(2F*<5/2>).5d.6p.(3F*<3>)""","=""(5/2,3)""","=""9/2""","="" 76516.11""","=""""","=""1.01""","=""  46                :    27                                 (2F*<5/2>)(3D*<2>)      ""","="""""
"=""4f14.5f""","=""2F*""","=""5/2""","="" 70502.90""","=""""","=""""","=""                                                                                    ""","="""""
"=""4f14.5f""","=""2F*""","=""7/2""","="" 70580.19""","=""""","=""""","=""                                                                                    ""","="""""
"=""4f13.(2F*<7/2>).5d.6p.(3P*<2>)""","=""(7/2,2)""","=""11/2""","="" 70793.96""","=""""","=""1.20""","=""  41                :    28                                 (2F*<7/2>)(3F*<4>)      ""","="""""
"=""4f13.(2F*<7/2>).5d.6p.(3P*<2>)""","=""(7/2,2)""","=""9/2""","="" 70858.18""","=""""","=""1.28""","=""  70                :    13                                 (2F*<7/2>)(3P*<1>)      ""","="""""
"=""4f13.(2F*<7/2>).5d.6p.(3P*<2>)""","=""(7/2,2)""","=""3/2""","="" 71113.84""","=""""","=""0.967""","=""  22                :    21                                 (2F*<5/2>)(3F*<2>)      ""","="""""
"=""4f13.(2F*<7/2>).5d.6p.(3P*<2>)""","=""(7/2,2)""","=""7/2""","="" 71222.36""","=""""","=""1.15""","=""  52                :    16                                 (2F*<7/2>)(1F*<3>)      ""","="""""
"=""4f13.(2F*<7/2>).5d.6p.(3P*<1>)""","=""""","=""5/2""","="" 70954.27""","=""""","=""1.014""","=""  27  (7/2,1)       :    20                                 (2F*<7/2>)(3P*<2>)      ""","="""""
"=""4f13.(2F*<5/2>).5d.6p.(1D*<2>)""","=""""","=""3/2""","="" 71763.67""","=""""","=""1.11""","=""  20  (5/2,2)       :    18                                 (2F*<5/2>)(3F*<4>)      ""","="""""
"=""4f14.8s""","=""2S""","=""1/2""","="" 73039.61""","=""""","=""""","=""                                                                                    ""","="""""
"=""4f13.(2F*<5/2>).5d.6p.(1D*<2>)""","=""""","=""1/2""","="" 73636.83""","=""""","=""0.70""","=""  24  (5/2,1)       :    21                                 (2F*<5/2>)(3D*<2>)      ""","="""""
"=""4f13.(2F*<5/2>).5d.6p.(1D*<2>)""","=""""","=""9/2""","="" 73750.90""","=""""","=""1.07""","=""  39  (5/2,2)       :    31                                 (2F*<5/2>)(1F*<3>)      ""","="""""
"=""4f13.(2F*<5/2>).5d.6p.(3D*<1>)""","=""(5/2,1)""","=""7/2""","="" 73966.81""","=""""","=""0.763""","=""  63                :    16                                 (2F*<5/2>)(1D*<2>)      ""","="""""
"=""4f13.(2F*<5/2>).5d.6p.(3D*<1>)""","=""(5/2,1)""","=""5/2""","="" 75058.11""","=""""","=""0.76""","=""  53                :     8                                 (2F*<5/2>)(3F*<2>)      ""","="""""
"=""4f13.(2F*<5/2>).5d.6p.(3D*<1>)""","=""(5/2,1)""","=""3/2""","="" 77284.02""","=""""","=""0.90""","=""  41                :    12                                 (2F*<5/2>)(3D*<3>)      ""","="""""
"=""4f13.(2F*<5/2>).5d.6p.(3D*<2>)""","=""(5/2,2)""","=""9/2""","="" 74568.58""","=""""","=""1.04""","=""  55                :    25                                 (2F*<5/2>)(3F*<3>)      ""","="""""
"=""4f13.(2F*<5/2>).5d.6p.(3D*<2>)""","=""(5/2,2)""","=""7/2""","="" 76323.49""","=""""","=""1.00""","=""  56                :    18                                 (2F*<5/2>)(1D*<2>)      ""","="""""
"=""4f13.(2F*<5/2>).5d.6p.(3F*<3>)""","=""""","=""7/2""","="" 74973.41""","=""""","=""1.07""","=""  35  (5/2,3)       :    26                                 (2F*<5/2>)(3F*<2>)      ""","="""""
"=""4f13.(2F*<5/2>).5d.6p.(1D*<2>)""","=""""","=""1/2""","="" 74989.49""","=""""","=""0.52""","=""  35  (5/2,2)       :    27                                 (2F*<5/2>)(3D*<2>)      ""","="""""
"=""4f13.(2F*<5/2>).5d.6p.(3D*<2>)""","=""""","=""3/2""","="" 74991.36""","=""""","=""1.05""","=""  35  (5/2,2)       :    19                                 (2F*<5/2>)(1D*<2>)      ""","="""""
"=""4f13.(2F*<5/2>).5d.6p.(1D*<2>)""","=""(5/2,2)""","=""5/2""","="" 75550.94""","=""""","=""0.91""","=""  45                :    18                                 (2F*<5/2>)(3D*<2>)      ""","="""""
"=""4f13.(2F*<5/2>).5d.6p.(3F*<4>)""","=""(5/2,4)""","=""11/2""","="" ""","=""""","=""""","=""  74                :    21                                 (2F*<5/2>)(1F*<3>)      ""","="""""
"=""4f13.(2F*<5/2>).5d.6p.(3F*<4>)""","=""(5/2,4)""","=""5/2""","="" 76170.25""","=""""","=""1.12""","=""  35                :    24                                 (2F*<5/2>)(3D*<2>)      ""","="""""
"=""4f13.(2F*<5/2>).5d.6p.(3F*<4>)""","=""(5/2,4)""","=""13/2""","="" 76233.60""","=""""","=""1.07""","=""  98                :     1                                 (2F*<7/2>)(3F*<4>)      ""","="""""
"=""4f13.(2F*<5/2>).5d.6p.(3F*<4>)""","=""(5/2,4)""","=""7/2""","="" 77882.04""","=""""","=""1.13""","=""  71                :     7                                 (2F*<5/2>)(3P*<1>)      ""","="""""
"=""4f13.(2F*<5/2>).5d.6p.(3F*<4>)""","=""(5/2,4)""","=""9/2""","="" 79126.83""","=""""","=""1.15?""","=""  71                :    15                                 (2F*<5/2>)(3D*<3>)      ""","="""""
"=""4f14.7d?""","=""2D?""","=""3/2""","="" 76517.21""","=""""","=""0.85""","=""                                                                                    ""","="""""
"=""4f14.7d?""","=""2D?""","=""5/2""","="" 76676.31""","=""""","=""1.10""","=""                                                                                    ""","="""""
"=""4f13.(2F*<5/2>).5d.6p.(3D*<3>)""","=""(5/2,3)""","=""11/2""","="" 76649.80""","=""""","=""1.08""","=""  65                :    20                                 (2F*<5/2>)(1F*<3>)      ""","="""""
"=""4f13.(2F*<5/2>).5d.6p.(3D*<3>)""","=""(5/2,3)""","=""7/2""","="" 77449.32""","=""""","=""1.16""","=""  55                :    12                                 (2F*<5/2>)(3D*<2>)      ""","="""""
"=""4f13.(2F*<5/2>).5d.6p.(3D*<3>)""","=""(5/2,3)""","=""9/2""","="" 77747.40""","=""""","=""1.07""","=""  41                :    19                                 (2F*<5/2>)(3P*<2>)      ""","="""""
"=""4f13.(2F*<5/2>).5d.6p.(3D*<3>)""","=""(5/2,3)""","=""1/2""","="" 77887.30""","=""""","=""2.20""","=""  69                :    12                                 (2F*<5/2>)(3F*<3>)      ""","="""""
"=""4f13.(2F*<5/2>).5d.6p.(3D*<3>)""","=""(5/2,3)""","=""5/2""","="" 78814.86""","=""""","=""1.22""","=""  32                :    24                                 (2F*<5/2>)(3P*<1>)      ""","="""""
"=""4f13.(2F*<5/2>).5d.6p.(3D*<3>)?""","=""""","=""3/2""","="" 76799.07""","=""""","=""0.84""","=""  23  (5/2,3)       :    23                                 (2F*<5/2>)(3D*<2>)?     ""","="""""
"=""4f13.(2F*<5/2>).5d.6p.(3D*<1>)?""","=""""","=""5/2""","="" 76839.00""","=""""","=""1.11""","=""  18  (5/2,1)       :    18                                 (2F*<5/2>)(3F*<4>)?     ""","="""""
"=""4f13.(2F*<5/2>).5d.6p.(3F*<4>)""","=""""","=""5/2""","="" 77606.58""","=""""","=""1.14""","=""  30  (5/2,4)       :    22                                 (2F*<7/2>)(1P*<1>)      ""","="""""
"=""4f13.(2F*<7/2>).5d.6p.(1P*<1>)""","=""(7/2,1)""","=""9/2""","="" 78070.19""","=""""","=""1.10""","=""  52                :    26  (2F*<7/2>).6s.6p.(1P*<1>)                              ""","="""""
"=""4f13.(2F*<7/2>).5d.6p.(1P*<1>)""","=""(7/2,1)""","=""7/2""","="" 79628.71""","=""""","=""1.11""","=""  55                :    26  (2F*<7/2>).6s.6p.(1P*<1>)                              ""","="""""
"=""4f13.(2F*<5/2>).5d.6p.(1F*<3>)""","=""""","=""3/2""","="" 78464.76""","=""""","=""1.18""","=""  23  (5/2,2)       :    18                                 (2F*<5/2>)(3P*<2>)      ""","="""""
"=""4f13.(2F*<5/2>).5d.6p.(3P*<0>)""","=""""","=""5/2""","="" 79583.11""","=""""","=""0.68""","=""  27  (5/2,0)       :    20                                 (2F*<5/2>)(3P*<1>)      ""","="""""
"=""4f13.(2F*<5/2>).5d.6p.(3P*<1>)""","=""""","=""3/2""","="" 79605.95""","=""""","=""1.16""","=""  29  (5/2,1)       :    24                                 (2F*<5/2>)(3D*<3>)      ""","="""""
"=""4f13.(2F*<5/2>).5d.6p.(3P*<1>)""","=""""","=""7/2""","="" 80457.71""","=""""","=""0.99""","=""  33  (5/2,1)       :    19                                 (2F*<5/2>)(3D*<3>)      ""","="""""
"=""4f14.6f""","=""2F*""","=""5/2""","="" 80458.95""","=""""","=""""","=""                                                                                    ""","="""""
"=""4f14.6f""","=""2F*""","=""7/2""","="" 80471.80""","=""""","=""""","=""                                                                                    ""","="""""
"=""4f14.5g""","=""2G""","=""7/2,9/2""","="" 80607.45""","=""""","=""""","=""                                                                                    ""","="""""
"=""4f13.(2F*<5/2>).5d.6p.(1F*<3>)""","=""(5/2,3)""","=""9/2""","="" ""","=""""","=""""","=""  85                :    10                                 (2F*<5/2>)(3D*<3>)      ""","="""""
"=""4f13.(2F*<5/2>).5d.6p.(1F*<3>)""","=""(5/2,3)""","=""11/2""","="" 80679.18""","=""""","=""1.00?""","=""  55                :    30                                 (2F*<5/2>)(3D*<3>)      ""","="""""
"=""4f13.(2F*<5/2>).5d.6p.(1F*<3>)""","=""(5/2,3)""","=""1/2""","="" 82091.32""","=""""","=""""","=""  65                :    11                                 (2F*<7/2>)(3F*<4>)      ""","="""""
"=""4f13.(2F*<5/2>).5d.6p.(1F*<3>)""","=""(5/2,3)""","=""3/2""","="" 82398.98""","=""""","=""1.042""","=""  60                :     9                                 (2F*<5/2>)(3D*<2>)      ""","="""""
"=""4f13.(2F*<5/2>).5d.6p.(1F*<3>)""","=""(5/2,3)""","=""5/2""","="" 82891.80""","=""""","=""1.03?""","=""  54                :    10                                 (2F*<5/2>)(3P*<2>)      ""","="""""
"=""4f13.(2F*<5/2>).5d.6p.(1F*<3>)""","=""(5/2,3)""","=""7/2""","="" 83363.88""","=""""","=""0.97""","=""  86                :     8                                 (2F*<5/2>)(3D*<3>)      ""","="""""
"=""4f13.(2F*<5/2>).5d.6p.(3P*<2>)""","=""(5/2,2)""","=""1/2""","="" ""","=""""","=""""","=""  61                :    12                                 (2F*<5/2>)(3D*<2>)      ""","="""""
"=""4f13.(2F*<5/2>).5d.6p.(3P*<2>)""","=""(5/2,2)""","=""9/2""","="" 81205.27""","=""""","=""1.09""","=""  54                :    15                                 (2F*<5/2>)(3F*<4>)      ""","="""""
"=""4f13.(2F*<5/2>).5d.6p.(3P*<2>)""","=""(5/2,2)""","=""5/2""","="" 81312.65""","=""""","=""1.11?""","=""  38                :    28                                 (2F*<5/2>)(1P*<3>)      ""","="""""
"=""4f13.(2F*<5/2>).5d.6p.(3P*<2>)""","=""(5/2,2)""","=""7/2""","="" 81692.92""","=""""","=""1.16""","=""  55                :    22                                 (2F*<5/2>)(3P*<1>)      ""","="""""
"=""4f13.(2F*<5/2>).5d.6p.(3P*<1>)""","=""(5/2,1)""","=""3/2""","="" 81512.62""","=""""","=""0.48""","=""  46                :    31                                 (2F*<5/2>)(3P*<2>)      ""","="""""
"=""4f13.(2F*<5/2>).5d.6p.(3P*<0>)""","=""""","=""5/2""","="" 81657.13""","=""""","=""""","=""  31  (5/2,0)       :    17                                 (2F*<5/2>)(3P*<2>)      ""","="""""
"=""4f14.8d""","=""2D""","=""3/2""","="" 83839.86""","=""""","=""""","=""                                                                                    ""","="""""
"=""4f14.8d""","=""2D""","=""5/2""","="" 84015.98""","=""""","=""1.20""","=""                                                                                    ""","="""""
"=""""","=""*""","=""9/2""","="" 84217.85""","=""""","=""1.19""","=""                                                                                    ""","="""""
"=""""","=""*""","=""7/2""","="" 84444.07""","=""""","=""""","=""                                                                                    ""","="""""
"=""""","=""*""","=""5/2""","="" 84632.71""","=""""","=""""","=""                                                                                    ""","="""""
"=""4f14.7f""","=""2F*""","=""5/2""","="" 85898.13""","=""""","=""""","=""                                                                                    ""","="""""
"=""4f14.7f""","=""2F*""","=""7/2""","="" 85906.20""","=""""","=""""","=""                                                                                    ""","="""""
"=""4f14.6g""","=""2G""","=""7/2,9/2""","="" 85994.92""","=""""","=""""","=""                                                                                    ""","="""""
"=""""","=""*""","=""5/2""","="" 86148.67""","=""""","=""1.575""","=""                                                                                    ""","="""""
"=""""","=""*""","=""3/2""","="" 86226.31""","=""""","=""1.35""","=""                                                                                    ""","="""""
"=""4f14.10s""","=""2S""","=""1/2""","="" 86768.26""","=""""","=""""","=""                                                                                    ""","="""""
"=""""","=""*""","=""7/2""","="" 87385.74""","=""""","=""1.14""","=""                                                                                    ""","="""""
"=""4f14.9d""","=""2D""","=""3/2""","="" 87804.88""","=""""","=""""","=""                                                                                    ""","="""""
"=""4f14.9d""","=""2D""","=""5/2""","="" 87980.96""","=""""","=""""","=""                                                                                    ""","="""""
"=""""","=""*""","=""11/2""","="" 88702.97""","=""""","=""1.08?""","=""                                                                                    ""","="""""
"=""""","=""*""","=""7/2""","="" 88721.12""","=""""","=""1.17""","=""                                                                                    ""","="""""
"=""4f14.8f""","=""2F*""","=""5/2""","="" 89175.85""","=""""","=""""","=""                                                                                    ""","="""""
"=""4f14.8f""","=""2F*""","=""7/2""","="" 89185.44""","=""""","=""""","=""                                                                                    ""","="""""
"=""""","=""*""","=""9/2""","="" 89605.80""","=""""","=""0.94?""","=""                                                                                    ""","="""""
"=""""","=""*""","=""5/2""","="" 89615.59""","=""""","=""""","=""                                                                                    ""","="""""
"=""4f13.(2F*<5/2>).5d.6p.(1P*<1>)""","=""(5/2,1)""","=""3/2""","="" ""","=""""","=""""","=""  62                :    31  (2F*<5/2>).6s.6p.(1P*<1>)                              ""","="""""
"=""4f13.(2F*<5/2>).5d.6p.(1P*<1>)""","=""(5/2,1)""","=""7/2""","="" ""","=""""","=""""","=""  58                :    30  (2F*<5/2>).6s.6p.(1P*<1>)                              ""","="""""
"=""4f13.(2F*<5/2>).5d.6p.(1P*<1>)""","=""(5/2,1)""","=""5/2""","="" 89713.17""","=""""","=""""","=""  63                :    31  (2F*<5/2>).6s.6p.(1P*<1>)                              ""","="""""
"=""""","=""*""","=""3/2""","="" 89897.55""","=""""","=""1.01""","=""                                                                                    ""","="""""
"=""""","=""*""","=""7/2""","="" 90142.74""","=""""","=""""","=""                                                                                    ""","="""""
"=""""","=""*""","=""9/2""","="" 90209.67""","=""""","=""""","=""                                                                                    ""","="""""
"=""""","=""*""","=""11/2""","="" 90279.08""","=""""","=""1.12""","=""                                                                                    ""","="""""
"=""4f14.10d""","=""2D""","=""3/2""","="" 90414.35""","=""""","=""""","=""                                                                                    ""","="""""
"=""4f14.10d""","=""2D""","=""5/2""","="" 90519.48""","=""""","=""""","=""                                                                                    ""","="""""
"=""""","=""*""","=""9/2""","="" 90717.54""","=""""","=""""","=""                                                                                    ""","="""""
"=""""","=""*""","=""5/2""","="" 90859.07""","=""""","=""""","=""                                                                                    ""","="""""
"=""""","=""*""","=""7/2""","="" 91237.94""","=""""","=""""","=""                                                                                    ""","="""""
"=""""","=""*""","=""13/2""","="" 91301.57""","=""""","=""1.22""","=""                                                                                    ""","="""""
"=""4f14.9f""","=""2F*""","=""7/2""","="" 91311.40""","=""""","=""""","=""                                                                                    ""","="""""
"=""4f14.9f""","=""2F*""","=""5/2""","="" 91314.85""","=""""","=""""","=""                                                                                    ""","="""""
"=""""","=""*""","=""7/2""","="" 91536.40""","=""""","=""1.13?""","=""                                                                                    ""","="""""
"=""""","=""*""","=""5/2""","="" 91602.54""","=""""","=""1.17""","=""                                                                                    ""","="""""
"=""""","=""*""","=""9/2""","="" 92015.76""","=""""","=""""","=""                                                                                    ""","="""""
"=""4f14.11d""","=""2D""","=""5/2""","="" 92219.53""","=""""","=""""","=""                                                                                    ""","="""""
"=""""","=""*""","=""3/2""","="" 92278.27""","=""""","=""1.49?""","=""                                                                                    ""","="""""
"=""""","=""*""","=""7/2""","="" 92303.24""","=""""","=""""","=""                                                                                    ""","="""""
"=""""","=""*""","=""11/2""","="" 92647.34""","=""""","=""""","=""                                                                                    ""","="""""
"=""4f14.10f""","=""2F*""","=""5/2""","="" 92764.62""","=""""","=""""","=""                                                                                    ""","="""""
"=""4f14.10f""","=""2F*""","=""7/2""","="" 92766.91""","=""""","=""""","=""                                                                                    ""","="""""
"=""""","=""*""","=""9/2""","="" 92914.15""","=""""","=""""","=""                                                                                    ""","="""""
"=""""","=""*""","=""7/2""","="" 92919.10""","=""""","=""""","=""                                                                                    ""","="""""
"=""""","=""*""","=""7/2""","="" 92976.50""","=""""","=""""","=""                                                                                    ""","="""""
"=""""","=""*""","=""11/2""","="" 93096.30""","=""""","=""1.23""","=""                                                                                    ""","="""""
"=""""","=""*""","=""7/2""","="" 93195.03""","=""""","=""""","=""                                                                                    ""","="""""
"=""""","=""*""","=""11/2""","="" 93242.39""","=""""","=""""","=""                                                                                    ""","="""""
"=""""","=""*""","=""13/2""","="" 93246.19""","=""""","=""1.21?""","=""                                                                                    ""","="""""
"=""""","=""*""","=""7/2""","="" 93463.01""","=""""","=""""","=""                                                                                    ""","="""""
"=""""","=""*""","=""9/2""","="" 93503.89""","=""""","=""""","=""                                                                                    ""","="""""
"=""""","=""*""","=""5/2""","="" 93546.00""","=""""","=""""","=""                                                                                    ""","="""""
"=""4f14.11f""","=""2F*""","=""7/2""","="" 93808.12""","=""""","=""""","=""                                                                                    ""","="""""
"=""""","=""*""","=""5/2""","="" 93864.57""","=""""","=""""","=""                                                                                    ""","="""""
"=""""","=""*""","=""9/2""","="" 93867.22""","=""""","=""""","=""                                                                                    ""","="""""
"=""""","=""*""","=""3/2""","="" 93998.52""","=""""","=""""","=""                                                                                    ""","="""""
"=""""","=""*""","=""7/2""","="" 94008.96""","=""""","=""""","=""                                                                                    ""","="""""
"=""""","=""*""","=""7/2""","="" 94303.58""","=""""","=""1.12""","=""                                                                                    ""","="""""
"=""""","=""*""","=""11/2""","="" 94335.70""","=""""","=""""","=""                                                                                    ""","="""""
"=""""","=""*""","=""9/2""","="" 94360.00""","=""""","=""""","=""                                                                                    ""","="""""
"=""""","=""*""","=""3/2""","="" 94428.80""","=""""","=""""","=""                                                                                    ""","="""""
"=""4f14.12f""","=""2F*""","=""7/2""","="" 94579.04""","=""""","=""""","=""                                                                                    ""","="""""
"=""""","=""*""","=""3/2""","="" 94823.18""","=""""","=""""","=""                                                                                    ""","="""""
"=""4f14.13f""","=""2F*""","=""7/2""","="" 95163.35""","=""""","=""""","=""                                                                                    ""","="""""
"=""""","=""*""","=""9/2""","="" 95550.55""","=""""","=""""","=""                                                                                    ""","="""""
"=""4f14.14f""","=""2F*""","=""7/2""","="" 95619.7""","=""""","=""""","=""                                                                                    ""","="""""
"=""""","=""*""","=""7/2""","="" 95691.32""","=""""","=""""","=""                                                                                    ""","="""""
"=""""","=""*""","=""11/2""","="" 95754.30""","=""""","=""0.89?""","=""                                                                                    ""","="""""
"=""""","=""*""","=""11/2""","="" 96382.06""","=""""","=""1.23""","=""                                                                                    ""","="""""
"=""""","=""*""","=""9/2""","="" 96482.44""","=""""","=""""","=""                                                                                    ""","="""""
"=""""","=""*""","=""11/2""","="" 96898.03""","=""""","=""""","=""                                                                                    ""","="""""
"=""""","=""*""","=""13/2""","="" 97043.28""","=""""","=""""","=""                                                                                    ""","="""""
"=""""","=""*""","=""9/2""","="" 97086.51""","=""""","=""""","=""                                                                                    ""","="""""
"=""Yb III (4f14 1S<0>)""","=""Limit""","=""---""","="" 98231.75""","=""0.20""","=""""","=""                                                                                    ""","=""L12907"""
"=""""","=""*""","=""9/2""","="" 98521.73""","=""""","=""""","=""                                                                                    ""","="""""
"=""""","=""*""","=""13/2""","="" 98620.02""","=""""","=""""","=""                                                                                    ""","="""""
"=""""","=""*""","=""11/2""","="" 98802.66""","=""""","=""""","=""                                                                                    ""","="""""
"=""""","=""*""","=""13/2""","="" 98829.49""","=""""","=""""","=""                                                                                    ""","="""""
"=""""","=""*""","=""11/2""","="" 99246.37""","=""""","=""""","=""                                                                                    ""","="""""
"=""""","=""*""","=""9/2""","="" 99414.42""","=""""","=""""","=""                                                                                    ""","="""""
"=""""","=""*""","=""11/2""","="" 100025.57""","=""""","=""""","=""                                                                                    ""","="""""
